analysis,seed,sigma,method,status,accuracy,selection_rate_g0,selection_rate_g1,di,fpr_g0,fpr_g1,fpr_gap,fair
noise,0,0.0,cart,SAT,0.7777777777777778,0.25925925925925924,0.8675213675213675,0.29885057471264365,0.12650602409638553,0.6987951807228916,0.572289156626506,False
noise,0,0.0,cart_group_threshold,SAT,0.5533333333333333,0.0,0.0,1.0,0.0,0.0,0.0,True
noise,0,0.0,cert_tree,SAT,0.6222222222222222,0.47685185185185186,0.5384615384615384,0.8855820105820107,0.40963855421686746,0.37349397590361444,0.03614457831325302,True
noise,0,0.05,cart,SAT,0.78,0.25462962962962965,0.8675213675213675,0.29351395730706076,0.12048192771084337,0.6987951807228916,0.5783132530120483,False
noise,0,0.05,cart_group_threshold,SAT,0.5533333333333333,0.0,0.0,1.0,0.0,0.0,0.0,True
noise,0,0.05,cert_tree,SAT,0.6266666666666667,0.47685185185185186,0.5299145299145299,0.8998655913978495,0.4036144578313253,0.3614457831325301,0.042168674698795205,True
noise,0,0.1,cart,SAT,0.7866666666666666,0.25462962962962965,0.8632478632478633,0.29496699669966997,0.12048192771084337,0.6746987951807228,0.5542168674698795,False
noise,0,0.1,cart_group_threshold,SAT,0.5533333333333333,0.0,0.0,1.0,0.0,0.0,0.0,True
noise,0,0.1,cert_tree,SAT,0.6155555555555555,0.4675925925925926,0.5427350427350427,0.8615485564304463,0.40963855421686746,0.3855421686746988,0.02409638554216864,True
noise,0,0.2,cart,SAT,0.7777777777777778,0.2361111111111111,0.8632478632478633,0.2735148514851485,0.10843373493975904,0.6987951807228916,0.5903614457831325,False
noise,0,0.2,cart_group_threshold,SAT,0.5533333333333333,0.0,0.0,1.0,0.0,0.0,0.0,True
noise,0,0.2,cert_tree,SAT,0.6177777777777778,0.4722222222222222,0.5256410256410257,0.8983739837398373,0.39759036144578314,0.3855421686746988,0.01204819277108432,True
noise,0,0.3,cart,SAT,0.7822222222222223,0.25462962962962965,0.8461538461538461,0.30092592592592593,0.13855421686746988,0.6265060240963856,0.4879518072289157,False
noise,0,0.3,cart_group_threshold,SAT,0.5533333333333333,0.0,0.0,1.0,0.0,0.0,0.0,True
noise,0,0.3,cert_tree,SAT,0.6044444444444445,0.4537037037037037,0.5512820512820513,0.8229974160206718,0.39759036144578314,0.43373493975903615,0.03614457831325302,True
noise,0,0.4,cart,SAT,0.7622222222222222,0.26851851851851855,0.8376068376068376,0.32057823129251706,0.15060240963855423,0.6626506024096386,0.5120481927710844,False
noise,0,0.4,cart_group_threshold,SAT,0.5533333333333333,0.0,0.0,1.0,0.0,0.0,0.0,True
noise,0,0.4,cert_tree,SAT,0.62,0.47685185185185186,0.5085470085470085,0.9376750700280113,0.4036144578313253,0.3493975903614458,0.054216867469879526,False
noise,1,0.0,cart,SAT,0.7822222222222223,0.0779816513761468,0.6422413793103449,0.12142109476017486,0.028901734104046242,0.35064935064935066,0.3217476165453044,False
noise,1,0.0,cart_group_threshold,SAT,0.5555555555555556,0.0,0.0,1.0,0.0,0.0,0.0,True
noise,1,0.0,cert_tree,SAT,0.6422222222222222,0.4724770642201835,0.5344827586206896,0.8839893459603434,0.3930635838150289,0.33766233766233766,0.055401246152691264,False
noise,1,0.05,cart,SAT,0.7844444444444445,0.08256880733944955,0.6336206896551724,0.13031267552892717,0.03468208092485549,0.3246753246753247,0.2899932437504692,False
noise,1,0.05,cart_group_threshold,SAT,0.5555555555555556,0.0,0.0,1.0,0.0,0.0,0.0,True
noise,1,0.05,cert_tree,SAT,0.6444444444444445,0.4724770642201835,0.5474137931034483,0.8631077078667918,0.3988439306358382,0.33766233766233766,0.06118159297350051,False
noise,1,0.1,cart,SAT,0.7911111111111111,0.09174311926605505,0.6551724137931034,0.1400289715113472,0.028901734104046242,0.36363636363636365,0.3347346295323174,False
noise,1,0.1,cart_group_threshold,SAT,0.5555555555555556,0.0,0.0,1.0,0.0,0.0,0.0,True
noise,1,0.1,cert_tree,SAT,0.6422222222222222,0.463302752293578,0.5172413793103449,0.8957186544342507,0.3815028901734104,0.3246753246753247,0.05682756549808571,False
noise,1,0.2,cart,SAT,0.7755555555555556,0.0779816513761468,0.6551724137931034,0.11902462578464511,0.028901734104046242,0.38961038961038963,0.3607086555063434,False
noise,1,0.2,cart_group_threshold,SAT,0.5555555555555556,0.0,0.0,1.0,0.0,0.0,0.0,True
noise,1,0.2,cert_tree,SAT,0.6644444444444444,0.481651376146789,0.5344827586206896,0.9011541876294763,0.3930635838150289,0.2857142857142857,0.10734929810074323,False
noise,1,0.3,cart,SAT,0.7866666666666666,0.11009174311926606,0.6206896551724138,0.17737003058103976,0.046242774566473986,0.3116883116883117,0.2654455371218377,False
noise,1,0.3,cart_group_threshold,SAT,0.5555555555555556,0.0,0.0,1.0,0.0,0.0,0.0,True
noise,1,0.3,cert_tree,SAT,0.6577777777777778,0.46788990825688076,0.5431034482758621,0.8615115771079074,0.37572254335260113,0.33766233766233766,0.03806020569026347,True
noise,1,0.4,cart,SAT,0.7844444444444445,0.0963302752293578,0.6120689655172413,0.15738467502261277,0.046242774566473986,0.2857142857142857,0.2394715111478117,False
noise,1,0.4,cart_group_threshold,SAT,0.5555555555555556,0.0,0.0,1.0,0.0,0.0,0.0,True
noise,1,0.4,cert_tree,SAT,0.6777777777777778,0.42660550458715596,0.5689655172413793,0.749791492910759,0.35260115606936415,0.3116883116883117,0.04091284438105247,False
noise,2,0.0,cart,SAT,0.7933333333333333,0.12444444444444444,0.84,0.14814814814814814,0.05056179775280899,0.6470588235294118,0.5964970257766028,False
noise,2,0.0,cart_group_threshold,SAT,0.5466666666666666,0.0,0.0,1.0,0.0,0.0,0.0,True
noise,2,0.0,cert_tree,SAT,0.6244444444444445,0.4711111111111111,0.6088888888888889,0.7737226277372262,0.37640449438202245,0.5441176470588235,0.16771315267680104,False
noise,2,0.05,cart,SAT,0.7955555555555556,0.1288888888888889,0.84,0.15343915343915343,0.05056179775280899,0.6470588235294118,0.5964970257766028,False
noise,2,0.05,cart_group_threshold,SAT,0.5466666666666666,0.0,0.0,1.0,0.0,0.0,0.0,True
noise,2,0.05,cert_tree,SAT,0.6222222222222222,0.4888888888888889,0.6044444444444445,0.8088235294117647,0.39325842696629215,0.5294117647058824,0.1361533377395902,False
noise,2,0.1,cart,SAT,0.7822222222222223,0.13333333333333333,0.8533333333333334,0.15625,0.06741573033707865,0.6764705882352942,0.6090548578982156,False
noise,2,0.1,cart_group_threshold,SAT,0.5466666666666666,0.0,0.0,1.0,0.0,0.0,0.0,True
noise,2,0.1,cert_tree,SAT,0.6288888888888889,0.4711111111111111,0.6,0.7851851851851852,0.3595505617977528,0.5588235294117647,0.19927296761401192,False
noise,2,0.2,cart,SAT,0.8,0.14666666666666667,0.8488888888888889,0.17277486910994763,0.07303370786516854,0.6176470588235294,0.5446133509583609,False
noise,2,0.2,cart_group_threshold,SAT,0.5466666666666666,0.0,0.0,1.0,0.0,0.0,0.0,True
noise,2,0.2,cert_tree,SAT,0.6244444444444445,0.4711111111111111,0.5822222222222222,0.8091603053435115,0.37640449438202245,0.5,0.12359550561797755,False
noise,2,0.3,cart,SAT,0.7911111111111111,0.14666666666666667,0.8222222222222222,0.1783783783783784,0.06741573033707865,0.6176470588235294,0.5502313284864508,False
noise,2,0.3,cart_group_threshold,SAT,0.5466666666666666,0.0,0.0,1.0,0.0,0.0,0.0,True
noise,2,0.3,cert_tree,SAT,0.6222222222222222,0.4666666666666667,0.6088888888888889,0.7664233576642335,0.38202247191011235,0.5294117647058824,0.14738929279577,False
noise,2,0.4,cart,SAT,0.8177777777777778,0.14222222222222222,0.8266666666666667,0.17204301075268819,0.03932584269662921,0.6029411764705882,0.563615333773959,False
noise,2,0.4,cart_group_threshold,SAT,0.5466666666666666,0.0,0.0,1.0,0.0,0.0,0.0,True
noise,2,0.4,cert_tree,SAT,0.6177777777777778,0.5022222222222222,0.6444444444444445,0.7793103448275862,0.4101123595505618,0.5882352941176471,0.17812293456708528,False
noise,3,0.0,cart,SAT,0.7755555555555556,0.08979591836734693,0.751219512195122,0.119533527696793,0.023121387283236993,0.44285714285714284,0.41973575557390586,False
noise,3,0.0,cart_group_threshold,SAT,0.54,0.0,0.0,1.0,0.0,0.0,0.0,True
noise,3,0.0,cert_tree,SAT,0.6155555555555555,0.4204081632653061,0.6,0.7006802721088435,0.31213872832369943,0.6,0.28786127167630055,False
noise,3,0.05,cart,SAT,0.7755555555555556,0.09795918367346938,0.751219512195122,0.1304002120328651,0.023121387283236993,0.45714285714285713,0.43402146985962015,False
noise,3,0.05,cart_group_threshold,SAT,0.54,0.0,0.0,1.0,0.0,0.0,0.0,True
noise,3,0.05,cert_tree,SAT,0.6088888888888889,0.42857142857142855,0.6048780487804878,0.7085253456221198,0.3179190751445087,0.6285714285714286,0.3106523534269199,False
noise,3,0.1,cart,SAT,0.7733333333333333,0.09387755102040816,0.7707317073170732,0.12180315164040299,0.023121387283236993,0.4857142857142857,0.4625928984310487,False
noise,3,0.1,cart_group_threshold,SAT,0.54,0.0,0.0,1.0,0.0,0.0,0.0,True
noise,3,0.1,cert_tree,SAT,0.6111111111111112,0.40816326530612246,0.6146341463414634,0.6640751538710723,0.31213872832369943,0.6142857142857143,0.3021469859620149,False
noise,3,0.2,cart,SAT,0.7666666666666667,0.09795918367346938,0.7609756097560976,0.12872841444270014,0.023121387283236993,0.5,0.476878612716763,False
noise,3,0.2,cart_group_threshold,SAT,0.54,0.0,0.0,1.0,0.0,0.0,0.0,True
noise,3,0.2,cert_tree,SAT,0.6111111111111112,0.4448979591836735,0.6097560975609756,0.7296326530612245,0.32947976878612717,0.6285714285714286,0.2990916597853014,False
noise,3,0.3,cart,SAT,0.7844444444444445,0.10204081632653061,0.7170731707317073,0.14230181868665834,0.023121387283236993,0.38571428571428573,0.36259289843104875,False
noise,3,0.3,cart_group_threshold,SAT,0.54,0.0,0.0,1.0,0.0,0.0,0.0,True
noise,3,0.3,cert_tree,SAT,0.6133333333333333,0.4122448979591837,0.6439024390243903,0.6402288188002474,0.31213872832369943,0.6571428571428571,0.3450041288191577,False
noise,3,0.4,cart,SAT,0.7666666666666667,0.09387755102040816,0.7073170731707317,0.13272343420126673,0.023121387283236993,0.4142857142857143,0.39116432700247733,False
noise,3,0.4,cart_group_threshold,SAT,0.54,0.0,0.0,1.0,0.0,0.0,0.0,True
noise,3,0.4,cert_tree,SAT,0.6266666666666667,0.39183673469387753,0.6390243902439025,0.6131796229942358,0.2774566473988439,0.6571428571428571,0.37968620974401324,False
noise,4,0.0,cart,SAT,0.7955555555555556,0.07272727272727272,0.6956521739130435,0.10454545454545454,0.018072289156626505,0.36585365853658536,0.34778136937995885,False
noise,4,0.0,cart_group_threshold,SAT,0.5511111111111111,0.0,0.0,1.0,0.0,0.0,0.0,True
noise,4,0.0,cert_tree,SAT,0.6177777777777778,0.4,0.4782608695652174,0.8363636363636364,0.3614457831325301,0.2926829268292683,0.06876285630326184,False
noise,4,0.05,cart,SAT,0.7955555555555556,0.07727272727272727,0.691304347826087,0.11177815894797026,0.018072289156626505,0.36585365853658536,0.34778136937995885,False
noise,4,0.05,cart_group_threshold,SAT,0.5511111111111111,0.0,0.0,1.0,0.0,0.0,0.0,True
noise,4,0.05,cert_tree,SAT,0.6244444444444445,0.4090909090909091,0.4652173913043478,0.879354290569244,0.3614457831325301,0.2682926829268293,0.09315310020570083,False
noise,4,0.1,cart,SAT,0.7977777777777778,0.08181818181818182,0.6826086956521739,0.11986103068905618,0.030120481927710843,0.32926829268292684,0.299147810755216,False
noise,4,0.1,cart_group_threshold,SAT,0.5511111111111111,0.0,0.0,1.0,0.0,0.0,0.0,True
noise,4,0.1,cert_tree,SAT,0.6244444444444445,0.39545454545454545,0.4782608695652174,0.8268595041322314,0.3493975903614458,0.2926829268292683,0.05671466353217752,False
noise,4,0.2,cart,SAT,0.7844444444444445,0.08181818181818182,0.691304347826087,0.1183533447684391,0.030120481927710843,0.3780487804878049,0.34792829856009405,False
noise,4,0.2,cart_group_threshold,SAT,0.5511111111111111,0.0,0.0,1.0,0.0,0.0,0.0,True
noise,4,0.2,cert_tree,SAT,0.6377777777777778,0.39545454545454545,0.4782608695652174,0.8268595041322314,0.3313253012048193,0.2926829268292683,0.038642374375551014,True
noise,4,0.3,cart,SAT,0.7866666666666666,0.12272727272727273,0.691304347826087,0.17753001715265865,0.060240963855421686,0.36585365853658536,0.3056126946811637,False
noise,4,0.3,cart_group_threshold,SAT,0.5511111111111111,0.0,0.0,1.0,0.0,0.0,0.0,True
noise,4,0.3,cert_tree,SAT,0.6244444444444445,0.4090909090909091,0.4826086956521739,0.8476658476658477,0.3614457831325301,0.2926829268292683,0.06876285630326184,False
noise,4,0.4,cart,SAT,0.78,0.07727272727272727,0.6869565217391305,0.11248561565017261,0.030120481927710843,0.3780487804878049,0.34792829856009405,False
noise,4,0.4,cart_group_threshold,SAT,0.5511111111111111,0.0,0.0,1.0,0.0,0.0,0.0,True
noise,4,0.4,cert_tree,SAT,0.6377777777777778,0.39545454545454545,0.5043478260869565,0.7840909090909091,0.3795180722891566,0.23170731707317074,0.14781075521598588,False
noise,5,0.0,cart,SAT,0.7933333333333333,0.15207373271889402,0.9055793991416309,0.16792976172275975,0.05917159763313609,0.7307692307692307,0.6715976331360947,False
noise,5,0.0,cart_group_threshold,SAT,0.5488888888888889,0.0,0.0,1.0,0.0,0.0,0.0,True
noise,5,0.0,cert_tree,SAT,0.64,0.47465437788018433,0.5836909871244635,0.8131946326917864,0.41420118343195267,0.3717948717948718,0.04240631163708086,True
noise,5,0.05,cart,SAT,0.8,0.15668202764976957,0.9055793991416309,0.17301854238102518,0.05917159763313609,0.717948717948718,0.6587771203155819,False
noise,5,0.05,cart_group_threshold,SAT,0.5488888888888889,0.0,0.0,1.0,0.0,0.0,0.0,True
noise,5,0.05,cert_tree,SAT,0.6377777777777778,0.47465437788018433,0.6051502145922747,0.7843579435892407,0.41420118343195267,0.41025641025641024,0.0039447731755424265,False
noise,5,0.1,cart,SAT,0.7955555555555556,0.16129032258064516,0.9098712446351931,0.17726719415702982,0.0650887573964497,0.7307692307692307,0.665680473372781,False
noise,5,0.1,cart_group_threshold,SAT,0.5488888888888889,0.0,0.0,1.0,0.0,0.0,0.0,True
noise,5,0.1,cert_tree,SAT,0.6311111111111111,0.4976958525345622,0.5879828326180258,0.8464462309529416,0.44970414201183434,0.358974358974359,0.09072978303747536,False
noise,5,0.2,cart,SAT,0.7888888888888889,0.15207373271889402,0.8798283261802575,0.17284477913903565,0.05917159763313609,0.7051282051282052,0.6459566074950691,False
noise,5,0.2,cart_group_threshold,SAT,0.5488888888888889,0.0,0.0,1.0,0.0,0.0,0.0,True
noise,5,0.2,cert_tree,SAT,0.6622222222222223,0.46543778801843316,0.6008583690987125,0.7746214614878209,0.40236686390532544,0.34615384615384615,0.0562130177514793,False
noise,5,0.3,cart,SAT,0.7688888888888888,0.20276497695852536,0.871244635193133,0.23273024448934193,0.11242603550295859,0.7051282051282052,0.5927021696252466,False
noise,5,0.3,cart_group_threshold,SAT,0.5488888888888889,0.0,0.0,1.0,0.0,0.0,0.0,True
noise,5,0.3,cert_tree,SAT,0.6244444444444445,0.47465437788018433,0.5708154506437768,0.831537368767541,0.4437869822485207,0.3333333333333333,0.11045364891518739,False
noise,5,0.4,cart,SAT,0.7688888888888888,0.2119815668202765,0.871244635193133,0.24330889196613018,0.1242603550295858,0.6923076923076923,0.5680473372781065,False
noise,5,0.4,cart_group_threshold,SAT,0.5488888888888889,0.0,0.0,1.0,0.0,0.0,0.0,True
noise,5,0.4,cert_tree,SAT,0.6555555555555556,0.4423963133640553,0.592274678111588,0.7469445001001804,0.39644970414201186,0.3333333333333333,0.06311637080867855,False
noise,6,0.0,cart,SAT,0.7933333333333333,0.18222222222222223,0.9111111111111111,0.2,0.09497206703910614,0.7428571428571429,0.6478850758180368,False
noise,6,0.0,cart_group_threshold,SAT,0.44666666666666666,1.0,1.0,1.0,1.0,1.0,0.0,True
noise,6,0.0,cert_tree,SAT,0.6155555555555555,0.39555555555555555,0.4222222222222222,0.9368421052631579,0.3128491620111732,0.3142857142857143,0.001436552274541092,True
noise,6,0.05,cart,SAT,0.8022222222222222,0.17777777777777778,0.9066666666666666,0.19607843137254904,0.08379888268156424,0.7285714285714285,0.6447725458898643,False
noise,6,0.05,cart_group_threshold,SAT,0.44666666666666666,1.0,1.0,1.0,1.0,1.0,0.0,True
noise,6,0.05,cert_tree,SAT,0.62,0.39555555555555555,0.41333333333333333,0.956989247311828,0.3128491620111732,0.2857142857142857,0.02713487629688749,True
noise,6,0.1,cart,SAT,0.7911111111111111,0.19555555555555557,0.9022222222222223,0.21674876847290642,0.10614525139664804,0.7285714285714285,0.6224261771747805,False
noise,6,0.1,cart_group_threshold,SAT,0.44666666666666666,1.0,1.0,1.0,1.0,1.0,0.0,True
noise,6,0.1,cert_tree,SAT,0.6222222222222222,0.38666666666666666,0.43555555555555553,0.8877551020408163,0.30726256983240224,0.3142857142857143,0.007023144453312036,True
noise,6,0.2,cart,SAT,0.7955555555555556,0.20444444444444446,0.9111111111111111,0.22439024390243903,0.10614525139664804,0.7428571428571429,0.6367118914604948,False
noise,6,0.2,cart_group_threshold,SAT,0.44666666666666666,1.0,1.0,1.0,1.0,1.0,0.0,True
noise,6,0.2,cert_tree,SAT,0.6444444444444445,0.3466666666666667,0.4311111111111111,0.8041237113402062,0.2681564245810056,0.2714285714285714,0.0032721468475658266,True
noise,6,0.3,cart,SAT,0.8177777777777778,0.17777777777777778,0.8844444444444445,0.20100502512562815,0.07262569832402235,0.6714285714285714,0.598802873104549,False
noise,6,0.3,cart_group_threshold,SAT,0.44666666666666666,1.0,1.0,1.0,1.0,1.0,0.0,True
noise,6,0.3,cert_tree,SAT,0.6244444444444445,0.37777777777777777,0.40444444444444444,0.9340659340659341,0.30726256983240224,0.24285714285714285,0.06440542697525939,False
noise,6,0.4,cart,SAT,0.7955555555555556,0.24,0.9022222222222223,0.2660098522167487,0.1340782122905028,0.7142857142857143,0.5802075019952115,False
noise,6,0.4,cart_group_threshold,SAT,0.44666666666666666,1.0,1.0,1.0,1.0,1.0,0.0,True
noise,6,0.4,cert_tree,SAT,0.6644444444444444,0.3511111111111111,0.4666666666666667,0.7523809523809524,0.2569832402234637,0.3,0.043016759776536295,False
noise,7,0.0,cart,SAT,0.7955555555555556,0.12658227848101267,0.812206572769953,0.15584985732055318,0.06557377049180328,0.53125,0.4656762295081967,False
noise,7,0.0,cart_group_threshold,SAT,0.5488888888888889,0.0,0.0,1.0,0.0,0.0,0.0,True
noise,7,0.0,cert_tree,SAT,0.6711111111111111,0.5358649789029536,0.6854460093896714,0.7817756199063638,0.4371584699453552,0.453125,0.015966530054644823,False
noise,7,0.05,cart,SAT,0.7977777777777778,0.12658227848101267,0.8169014084507042,0.15495416848537757,0.06557377049180328,0.53125,0.4656762295081967,False
noise,7,0.05,cart_group_threshold,SAT,0.5488888888888889,0.0,0.0,1.0,0.0,0.0,0.0,True
noise,7,0.05,cert_tree,SAT,0.6777777777777778,0.5274261603375527,0.6807511737089202,0.7747708424268878,0.4262295081967213,0.4375,0.011270491803278715,False
noise,7,0.1,cart,SAT,0.7911111111111111,0.12658227848101267,0.8028169014084507,0.15767266266933155,0.06557377049180328,0.53125,0.4656762295081967,False
noise,7,0.1,cart_group_threshold,SAT,0.5488888888888889,0.0,0.0,1.0,0.0,0.0,0.0,True
noise,7,0.1,cert_tree,SAT,0.6666666666666666,0.5147679324894515,0.6901408450704225,0.7458882287092053,0.41530054644808745,0.5,0.08469945355191255,False
noise,7,0.2,cart,SAT,0.7977777777777778,0.12658227848101267,0.7981220657276995,0.15860014892032764,0.060109289617486336,0.515625,0.45551571038251365,False
noise,7,0.2,cart_group_threshold,SAT,0.5488888888888889,0.0,0.0,1.0,0.0,0.0,0.0,True
noise,7,0.2,cert_tree,SAT,0.6822222222222222,0.5316455696202531,0.6854460093896714,0.7756199063637939,0.4262295081967213,0.4375,0.011270491803278715,False
noise,7,0.3,cart,SAT,0.7888888888888889,0.11814345991561181,0.7887323943661971,0.14978902953586498,0.06557377049180328,0.5,0.4344262295081967,False
noise,7,0.3,cart_group_threshold,SAT,0.5488888888888889,0.0,0.0,1.0,0.0,0.0,0.0,True
noise,7,0.3,cert_tree,SAT,0.6888888888888889,0.4936708860759494,0.6666666666666666,0.7405063291139241,0.3770491803278688,0.453125,0.07607581967213117,False
noise,7,0.4,cart,SAT,0.7955555555555556,0.1308016877637131,0.7605633802816901,0.17197999687451165,0.0546448087431694,0.484375,0.4297301912568306,False
noise,7,0.4,cart_group_threshold,SAT,0.5488888888888889,0.0,0.0,1.0,0.0,0.0,0.0,True
noise,7,0.4,cert_tree,SAT,0.6666666666666666,0.510548523206751,0.6572769953051644,0.7767631103074141,0.41530054644808745,0.4375,0.02219945355191255,False
noise,8,0.0,cart,SAT,0.8066666666666666,0.14601769911504425,0.8571428571428571,0.17035398230088497,0.05325443786982249,0.589041095890411,0.5357866580205884,False
noise,8,0.0,cart_group_threshold,SAT,0.5377777777777778,0.0,0.0,1.0,0.0,0.0,0.0,True
noise,8,0.0,cert_tree,SAT,0.6644444444444444,0.38495575221238937,0.5089285714285714,0.7564042850489054,0.27218934911242604,0.3561643835616438,0.08397503444921778,False
noise,8,0.05,cart,SAT,0.8066666666666666,0.1504424778761062,0.8526785714285714,0.17643515729972667,0.05917159763313609,0.5753424657534246,0.5161708681202886,False
noise,8,0.05,cart_group_threshold,SAT,0.5377777777777778,0.0,0.0,1.0,0.0,0.0,0.0,True
noise,8,0.05,cert_tree,SAT,0.6577777777777778,0.38495575221238937,0.5044642857142857,0.7630981282794267,0.27218934911242604,0.3698630136986301,0.09767366458620408,False
noise,8,0.1,cart,SAT,0.8,0.15486725663716813,0.8258928571428571,0.1875149485768955,0.0650887573964497,0.547945205479452,0.4828564480830023,False
noise,8,0.1,cart_group_threshold,SAT,0.5377777777777778,0.0,0.0,1.0,0.0,0.0,0.0,True
noise,8,0.1,cert_tree,SAT,0.6644444444444444,0.37610619469026546,0.5,0.7522123893805309,0.26627218934911245,0.3424657534246575,0.07619356407554506,False
noise,8,0.2,cart,SAT,0.8088888888888889,0.13274336283185842,0.8214285714285714,0.16160061562139286,0.05325443786982249,0.5068493150684932,0.4535948771986707,False
noise,8,0.2,cart_group_threshold,SAT,0.5377777777777778,0.0,0.0,1.0,0.0,0.0,0.0,True
noise,8,0.2,cert_tree,SAT,0.6666666666666666,0.37168141592920356,0.5089285714285714,0.7303213786679088,0.27218934911242604,0.3287671232876712,0.05657777417524518,False
noise,8,0.3,cart,SAT,0.7977777777777778,0.18141592920353983,0.8035714285714286,0.22576204523107177,0.08875739644970414,0.5068493150684932,0.418091918618789,False
noise,8,0.3,cart_group_threshold,SAT,0.5377777777777778,0.0,0.0,1.0,0.0,0.0,0.0,True
noise,8,0.3,cert_tree,SAT,0.6355555555555555,0.40707964601769914,0.48214285714285715,0.8443133398885612,0.3076923076923077,0.3561643835616438,0.048472075869336106,True
noise,8,0.4,cart,SAT,0.7911111111111111,0.20353982300884957,0.8214285714285714,0.24778761061946905,0.11834319526627218,0.5205479452054794,0.40220474993920724,False
noise,8,0.4,cart_group_threshold,SAT,0.5377777777777778,0.0,0.0,1.0,0.0,0.0,0.0,True
noise,8,0.4,cert_tree,SAT,0.6311111111111111,0.3893805309734513,0.49107142857142855,0.7929203539823009,0.3136094674556213,0.3424657534246575,0.02885628596903622,False
noise,9,0.0,cart,SAT,0.7866666666666666,0.12663755458515283,0.6108597285067874,0.20731036713569462,0.057803468208092484,0.2465753424657534,0.18877187425766093,False
noise,9,0.0,cart_group_threshold,SAT,0.5466666666666666,0.0,0.0,1.0,0.0,0.0,0.0,True
noise,9,0.0,cert_tree,SAT,0.6533333333333333,0.5807860262008734,0.746606334841629,0.7779012835781395,0.5086705202312138,0.5068493150684932,0.0018212051627206627,False
noise,9,0.05,cart,SAT,0.7955555555555556,0.1222707423580786,0.6153846153846154,0.19868995633187772,0.05202312138728324,0.2328767123287671,0.18085359094148387,False
noise,9,0.05,cart_group_threshold,SAT,0.5466666666666666,0.0,0.0,1.0,0.0,0.0,0.0,True
noise,9,0.05,cert_tree,SAT,0.6555555555555556,0.5895196506550219,0.7601809954751131,0.7754990642545229,0.5144508670520231,0.5205479452054794,0.006097078153456281,False
noise,9,0.1,cart,SAT,0.7955555555555556,0.13100436681222707,0.6244343891402715,0.20979684830074047,0.05202312138728324,0.2602739726027397,0.20825085121545647,False
noise,9,0.1,cart_group_threshold,SAT,0.5466666666666666,0.0,0.0,1.0,0.0,0.0,0.0,True
noise,9,0.1,cert_tree,SAT,0.6511111111111111,0.5807860262008734,0.7420814479638009,0.7826445840877623,0.5086705202312138,0.5068493150684932,0.0018212051627206627,False
noise,9,0.2,cart,SAT,0.8088888888888889,0.13973799126637554,0.6063348416289592,0.23046340350648506,0.05202312138728324,0.2054794520547945,0.15345633066751127,False
noise,9,0.2,cart_group_threshold,SAT,0.5466666666666666,0.0,0.0,1.0,0.0,0.0,0.0,True
noise,9,0.2,cert_tree,SAT,0.66,0.5676855895196506,0.755656108597285,0.7512485945140287,0.4913294797687861,0.5205479452054794,0.02921846543669332,False
noise,9,0.3,cart,SAT,0.7844444444444445,0.11790393013100436,0.579185520361991,0.2035685043668122,0.05202312138728324,0.2054794520547945,0.15345633066751127,False
noise,9,0.3,cart_group_threshold,SAT,0.5466666666666666,0.0,0.0,1.0,0.0,0.0,0.0,True
noise,9,0.3,cert_tree,SAT,0.6555555555555556,0.5545851528384279,0.7149321266968326,0.7757172074512187,0.4797687861271676,0.4794520547945205,0.0003167313326470911,False
noise,9,0.4,cart,SAT,0.7577777777777778,0.11353711790393013,0.5656108597285068,0.20073362445414847,0.057803468208092484,0.2465753424657534,0.18877187425766093,False
noise,9,0.4,cart_group_threshold,SAT,0.5466666666666666,0.0,0.0,1.0,0.0,0.0,0.0,True
noise,9,0.4,cert_tree,SAT,0.6311111111111111,0.5982532751091703,0.755656108597285,0.7917004419109379,0.5375722543352601,0.547945205479452,0.0103729511441919,False
