analysis,dataset,seed,method,status,accuracy,selection_rate_g0,selection_rate_g1,di,fpr_g0,fpr_g1,fpr_gap,fair
stability,stability_synth,0,cart,SAT,0.819047619047619,0.22641509433962265,0.7307692307692307,0.3098311817279047,0.1032258064516129,0.36,0.2567741935483871,False
stability,stability_synth,0,cart_group_threshold,SAT,0.5476190476190477,0.0,0.0,1.0,0.0,0.0,0.0,True
stability,stability_synth,0,cert_tree,SAT,0.6142857142857143,0.5754716981132075,0.5769230769230769,0.9974842767295599,0.5032258064516129,0.38666666666666666,0.1165591397849462,False
stability,breast_cancer_proxy,0,cart,SAT,0.9064327485380117,0.9135802469135802,0.3,0.3283783783783784,0.14285714285714285,0.07017543859649122,0.07268170426065163,False
stability,breast_cancer_proxy,0,cart_group_threshold,NEAR-SAT,0.9239766081871345,0.9135802469135802,0.4444444444444444,0.4864864864864865,0.14285714285714285,0.15789473684210525,0.015037593984962405,False
stability,breast_cancer_proxy,0,cert_tree,SAT,0.6666666666666666,0.9382716049382716,0.9111111111111111,0.9710526315789474,0.5714285714285714,0.8771929824561403,0.3057644110275689,False
stability,stability_synth,1,cart,SAT,0.8071428571428572,0.06829268292682927,0.7767441860465116,0.0879217175405287,0.01282051282051282,0.45714285714285713,0.4443223443223443,False
stability,stability_synth,1,cart_group_threshold,SAT,0.5380952380952381,0.0,0.0,1.0,0.0,0.0,0.0,True
stability,stability_synth,1,cert_tree,SAT,0.6357142857142857,0.4097560975609756,0.5534883720930233,0.7403156384505021,0.33974358974358976,0.4,0.060256410256410264,False
stability,breast_cancer_proxy,1,cart,SAT,0.9473684210526315,0.9550561797752809,0.25609756097560976,0.2681492109038737,0.4,0.03389830508474576,0.36610169491525424,False
stability,breast_cancer_proxy,1,cart_group_threshold,NEAR-SAT,0.9122807017543859,0.9550561797752809,0.4024390243902439,0.42137733142037304,0.4,0.1864406779661017,0.21355932203389832,False
stability,breast_cancer_proxy,1,cert_tree,SAT,0.7543859649122807,0.9662921348314607,0.7195121951219512,0.7446114577424844,0.4,0.6440677966101694,0.24406779661016942,False
stability,stability_synth,2,cart,SAT,0.8023809523809524,0.12844036697247707,0.8168316831683168,0.15724214623297195,0.0189873417721519,0.5571428571428572,0.5381555153707053,False
stability,stability_synth,2,cart_group_threshold,SAT,0.5428571428571428,0.0,0.0,1.0,0.0,0.0,0.0,True
stability,stability_synth,2,cert_tree,SAT,0.6904761904761905,0.3440366972477064,0.5,0.6880733944954128,0.24050632911392406,0.2714285714285714,0.030922242314647352,False
stability,breast_cancer_proxy,2,cart,SAT,0.9415204678362573,0.9666666666666667,0.32098765432098764,0.33205619412515963,0.5,0.08620689655172414,0.41379310344827586,False
stability,breast_cancer_proxy,2,cart_group_threshold,NEAR-SAT,0.9298245614035088,0.9666666666666667,0.345679012345679,0.35759897828863346,0.5,0.1206896551724138,0.3793103448275862,False
stability,breast_cancer_proxy,2,cert_tree,SAT,0.7192982456140351,0.8,0.6049382716049383,0.7561728395061729,0.8333333333333334,0.4482758620689655,0.38505747126436785,False
stability,stability_synth,3,cart,SAT,0.7595238095238095,0.03271028037383177,0.6796116504854369,0.04813084112149532,0.00625,0.4027777777777778,0.3965277777777778,False
stability,stability_synth,3,cart_group_threshold,SAT,0.5523809523809524,0.0,0.0,1.0,0.0,0.0,0.0,True
stability,stability_synth,3,cert_tree,SAT,0.65,0.4766355140186916,0.558252427184466,0.8537992685900041,0.3875,0.3611111111111111,0.026388888888888906,True
stability,breast_cancer_proxy,3,cart,SAT,0.8947368421052632,0.9156626506024096,0.3522727272727273,0.38471889952153115,0.4,0.11864406779661017,0.28135593220338984,False
stability,breast_cancer_proxy,3,cart_group_threshold,SAT,0.6257309941520468,1.0,1.0,1.0,1.0,1.0,0.0,True
stability,breast_cancer_proxy,3,cert_tree,SAT,0.7602339181286549,0.7228915662650602,0.5227272727272727,0.7231060606060605,0.6,0.288135593220339,0.311864406779661,False
stability,stability_synth,4,cart,SAT,0.7785714285714286,0.10407239819004525,0.6482412060301508,0.16054579255673648,0.024096385542168676,0.36923076923076925,0.34513438368860055,False
stability,stability_synth,4,cart_group_threshold,SAT,0.55,0.0,0.0,1.0,0.0,0.0,0.0,True
stability,stability_synth,4,cert_tree,SAT,0.6452380952380953,0.5339366515837104,0.5829145728643216,0.9159775315961929,0.46987951807228917,0.2923076923076923,0.17757182576459685,False
stability,breast_cancer_proxy,4,cart,SAT,0.9298245614035088,0.9555555555555556,0.35802469135802467,0.3746770025839793,0.42857142857142855,0.12280701754385964,0.3057644110275689,False
stability,breast_cancer_proxy,4,cart_group_threshold,NEAR-SAT,0.9298245614035088,0.9555555555555556,0.35802469135802467,0.3746770025839793,0.42857142857142855,0.12280701754385964,0.3057644110275689,False
stability,breast_cancer_proxy,4,cert_tree,SAT,0.6666666666666666,0.9888888888888889,0.9259259259259259,0.9363295880149812,0.8571428571428571,0.8947368421052632,0.03759398496240607,True
stability,stability_synth,5,cart,SAT,0.8071428571428572,0.1919191919191919,0.8873873873873874,0.21627441932010458,0.08974358974358974,0.6621621621621622,0.5724185724185724,False
stability,stability_synth,5,cart_group_threshold,SAT,0.5476190476190477,0.0,0.0,1.0,0.0,0.0,0.0,True
stability,stability_synth,5,cert_tree,SAT,0.6523809523809524,0.5202020202020202,0.6801801801801802,0.7648003210917118,0.4166666666666667,0.5405405405405406,0.12387387387387389,False
stability,breast_cancer_proxy,5,cart,SAT,0.9415204678362573,0.989010989010989,0.2875,0.2906944444444444,0.5,0.11290322580645161,0.3870967741935484,False
stability,breast_cancer_proxy,5,cart_group_threshold,SAT,0.3742690058479532,0.0,0.0,1.0,0.0,0.0,0.0,True
stability,breast_cancer_proxy,5,cert_tree,SAT,0.7368421052631579,0.978021978021978,0.7875,0.8051966292134831,0.0,0.7258064516129032,0.7258064516129032,False
stability,stability_synth,6,cart,SAT,0.8071428571428572,0.13106796116504854,0.8504672897196262,0.1541128774138483,0.05454545454545454,0.6307692307692307,0.5762237762237762,False
stability,stability_synth,6,cart_group_threshold,SAT,0.5476190476190477,0.0,0.0,1.0,0.0,0.0,0.0,True
stability,stability_synth,6,cert_tree,UNSAT,,,,,,,,False
stability,breast_cancer_proxy,6,cart,SAT,0.9473684210526315,0.9325842696629213,0.2804878048780488,0.30076403173670296,0.14285714285714285,0.05263157894736842,0.09022556390977443,False
stability,breast_cancer_proxy,6,cart_group_threshold,NEAR-SAT,0.9473684210526315,0.9325842696629213,0.35365853658536583,0.3792242139288863,0.14285714285714285,0.10526315789473684,0.03759398496240601,False
stability,breast_cancer_proxy,6,cert_tree,SAT,0.7134502923976608,0.9887640449438202,0.8048780487804879,0.8140243902439025,0.8571428571428571,0.7368421052631579,0.12030075187969924,False
stability,stability_synth,7,cart,SAT,0.780952380952381,0.030612244897959183,0.5803571428571429,0.05274725274725274,0.006578947368421052,0.2375,0.23092105263157894,False
stability,stability_synth,7,cart_group_threshold,SAT,0.5523809523809524,0.0,0.0,1.0,0.0,0.0,0.0,True
stability,stability_synth,7,cert_tree,SAT,0.6476190476190476,0.3826530612244898,0.48660714285714285,0.7863695937090432,0.3026315789473684,0.325,0.022368421052631593,False
stability,breast_cancer_proxy,7,cart,SAT,0.9122807017543859,0.9753086419753086,0.2777777777777778,0.2848101265822785,0.0,0.09523809523809523,0.09523809523809523,False
stability,breast_cancer_proxy,7,cart_group_threshold,SAT,0.6257309941520468,1.0,1.0,1.0,1.0,1.0,0.0,True
stability,breast_cancer_proxy,7,cert_tree,SAT,0.672514619883041,0.9876543209876543,0.8555555555555555,0.86625,1.0,0.8253968253968254,0.17460317460317465,False
stability,stability_synth,8,cart,SAT,0.8071428571428572,0.12060301507537688,0.7013574660633484,0.1719565569784406,0.033112582781456956,0.38271604938271603,0.34960346660125907,False
stability,stability_synth,8,cart_group_threshold,SAT,0.5523809523809524,0.0,0.0,1.0,0.0,0.0,0.0,True
stability,stability_synth,8,cert_tree,SAT,0.6404761904761904,0.5125628140703518,0.5294117647058824,0.9681742043551088,0.4304635761589404,0.32098765432098764,0.10947592183795274,False
stability,breast_cancer_proxy,8,cart,SAT,0.9064327485380117,0.9213483146067416,0.3048780487804878,0.3309042236763831,0.3333333333333333,0.10344827586206896,0.22988505747126436,False
stability,breast_cancer_proxy,8,cart_group_threshold,NEAR-SAT,0.8888888888888888,0.9213483146067416,0.34146341463414637,0.3706127305175491,0.3333333333333333,0.15517241379310345,0.17816091954022986,False
stability,breast_cancer_proxy,8,cert_tree,SAT,0.6900584795321637,0.6067415730337079,0.5121951219512195,0.8441734417344173,0.5,0.3103448275862069,0.1896551724137931,False
stability,stability_synth,9,cart,SAT,0.8095238095238095,0.13846153846153847,0.7644444444444445,0.18112701252236135,0.033783783783783786,0.4823529411764706,0.4485691573926868,False
stability,stability_synth,9,cart_group_threshold,SAT,0.5547619047619048,0.0,0.0,1.0,0.0,0.0,0.0,True
stability,stability_synth,9,cert_tree,SAT,0.6904761904761905,0.2717948717948718,0.3466666666666667,0.7840236686390532,0.19594594594594594,0.09411764705882353,0.10182829888712241,False
stability,breast_cancer_proxy,9,cart,SAT,0.9064327485380117,0.9615384615384616,0.3870967741935484,0.4025806451612903,0.5,0.13333333333333333,0.3666666666666667,False
stability,breast_cancer_proxy,9,cart_group_threshold,NEAR-SAT,0.9064327485380117,0.9615384615384616,0.3870967741935484,0.4025806451612903,0.5,0.13333333333333333,0.3666666666666667,False
stability,breast_cancer_proxy,9,cert_tree,SAT,0.6666666666666666,0.9871794871794872,0.9139784946236559,0.9258483452031838,1.0,0.8666666666666667,0.1333333333333333,False
stability,stability_synth,10,cart,SAT,0.8285714285714286,0.10837438423645321,0.7142857142857143,0.15172413793103448,0.03125,0.34782608695652173,0.31657608695652173,False
stability,stability_synth,10,cart_group_threshold,SAT,0.5452380952380952,0.0,0.0,1.0,0.0,0.0,0.0,True
stability,stability_synth,10,cert_tree,SAT,0.6666666666666666,0.43842364532019706,0.5253456221198156,0.8345432546884454,0.3125,0.37681159420289856,0.06431159420289856,False
stability,breast_cancer_proxy,10,cart,SAT,0.9181286549707602,0.963855421686747,0.375,0.3890625,0.4,0.13559322033898305,0.264406779661017,False
stability,breast_cancer_proxy,10,cart_group_threshold,NEAR-SAT,0.9122807017543859,0.963855421686747,0.38636363636363635,0.4008522727272727,0.4,0.15254237288135594,0.24745762711864408,False
stability,breast_cancer_proxy,10,cert_tree,SAT,0.6842105263157895,0.9759036144578314,0.8636363636363636,0.8849607182940517,0.6,0.8305084745762712,0.23050847457627122,False
stability,stability_synth,11,cart,SAT,0.8214285714285714,0.085,0.7227272727272728,0.11761006289308176,0.026143790849673203,0.34615384615384615,0.3200100553041729,False
stability,stability_synth,11,cart_group_threshold,SAT,0.55,0.0,0.0,1.0,0.0,0.0,0.0,True
stability,stability_synth,11,cert_tree,SAT,0.6571428571428571,0.405,0.5181818181818182,0.781578947368421,0.33986928104575165,0.2948717948717949,0.04499748617395677,False
stability,breast_cancer_proxy,11,cart,SAT,0.9415204678362573,0.9888888888888889,0.2716049382716049,0.2746566791510611,0.8333333333333334,0.034482758620689655,0.7988505747126438,False
stability,breast_cancer_proxy,11,cart_group_threshold,NEAR-SAT,0.8830409356725146,0.9888888888888889,0.41975308641975306,0.42446941323345816,0.8333333333333334,0.22413793103448276,0.6091954022988506,False
stability,breast_cancer_proxy,11,cert_tree,SAT,0.6549707602339181,0.5666666666666667,0.5308641975308642,0.9368191721132898,0.5,0.3448275862068966,0.15517241379310343,False
stability,stability_synth,12,cart,SAT,0.7595238095238095,0.0966183574879227,0.8169014084507042,0.11827419623521572,0.02631578947368421,0.6233766233766234,0.5970608339029392,False
stability,stability_synth,12,cart_group_threshold,SAT,0.5452380952380952,0.0,0.0,1.0,0.0,0.0,0.0,True
stability,stability_synth,12,cert_tree,SAT,0.6714285714285714,0.5024154589371981,0.6431924882629108,0.781127684333016,0.39473684210526316,0.44155844155844154,0.046821599453178375,False
stability,breast_cancer_proxy,12,cart,SAT,0.8947368421052632,0.9058823529411765,0.2558139534883721,0.2823920265780731,0.25,0.06666666666666667,0.18333333333333335,False
stability,breast_cancer_proxy,12,cart_group_threshold,NEAR-SAT,0.8654970760233918,0.9058823529411765,0.36046511627906974,0.39791603745092113,0.25,0.18333333333333332,0.06666666666666668,False
stability,breast_cancer_proxy,12,cert_tree,SAT,0.7309941520467836,0.9882352941176471,0.7558139534883721,0.7648117386489479,0.75,0.6833333333333333,0.06666666666666665,False
stability,stability_synth,13,cart,SAT,0.8142857142857143,0.0861244019138756,0.7203791469194313,0.1195542684462352,0.024390243902439025,0.3787878787878788,0.35439763488543974,False
stability,stability_synth,13,cart_group_threshold,SAT,0.5476190476190477,0.0,0.0,1.0,0.0,0.0,0.0,True
stability,stability_synth,13,cert_tree,SAT,0.6190476190476191,0.42105263157894735,0.5118483412322274,0.8226120857699806,0.36585365853658536,0.3484848484848485,0.01736881005173685,True
stability,breast_cancer_proxy,13,cart,SAT,0.9005847953216374,0.9775280898876404,0.3048780487804878,0.31188673955705076,0.6,0.13559322033898305,0.46440677966101696,False
stability,breast_cancer_proxy,13,cart_group_threshold,NEAR-SAT,0.9005847953216374,0.9775280898876404,0.3048780487804878,0.31188673955705076,0.6,0.13559322033898305,0.46440677966101696,False
stability,breast_cancer_proxy,13,cert_tree,SAT,0.7309941520467836,0.9887640449438202,0.7682926829268293,0.7770232815964524,0.8,0.6949152542372882,0.10508474576271187,False
stability,stability_synth,14,cart,SAT,0.7928571428571428,0.13612565445026178,0.7903930131004366,0.1722252755199445,0.058823529411764705,0.5569620253164557,0.49813849590469095,False
stability,stability_synth,14,cart_group_threshold,SAT,0.5523809523809524,0.0,0.0,1.0,0.0,0.0,0.0,True
stability,stability_synth,14,cert_tree,SAT,0.6738095238095239,0.36649214659685864,0.5545851528384279,0.660840169847879,0.28104575163398693,0.379746835443038,0.09870108380905107,False
stability,breast_cancer_proxy,14,cart,SAT,0.9532163742690059,0.9873417721518988,0.358695652173913,0.36329431438127086,0.6666666666666666,0.06557377049180328,0.6010928961748634,False
stability,breast_cancer_proxy,14,cart_group_threshold,NEAR-SAT,0.9181286549707602,0.9873417721518988,0.42391304347826086,0.4293478260869565,0.6666666666666666,0.16393442622950818,0.5027322404371585,False
stability,breast_cancer_proxy,14,cert_tree,SAT,0.6549707602339181,0.9873417721518988,0.9347826086956522,0.9467670011148273,1.0,0.9016393442622951,0.09836065573770492,False
stability,stability_synth,15,cart,SAT,0.7857142857142857,0.11594202898550725,0.8450704225352113,0.13719806763285025,0.05521472392638037,0.6461538461538462,0.5909391222274658,False
stability,stability_synth,15,cart_group_threshold,SAT,0.5428571428571428,0.0,0.0,1.0,0.0,0.0,0.0,True
stability,stability_synth,15,cert_tree,SAT,0.6404761904761904,0.4444444444444444,0.5117370892018779,0.8685015290519879,0.36809815950920244,0.3076923076923077,0.06040585181689473,False
stability,breast_cancer_proxy,15,cart,SAT,0.9298245614035088,0.9545454545454546,0.20481927710843373,0.21457257601835913,0.6,0.0,0.6,False
stability,breast_cancer_proxy,15,cart_group_threshold,SAT,0.6257309941520468,1.0,1.0,1.0,1.0,1.0,0.0,True
stability,breast_cancer_proxy,15,cert_tree,SAT,0.695906432748538,0.6363636363636364,0.5180722891566265,0.8141135972461274,0.6,0.3220338983050847,0.27796610169491526,False
stability,stability_synth,16,cart,SAT,0.7976190476190477,0.11711711711711711,0.8232323232323232,0.14226496435085392,0.04142011834319527,0.5789473684210527,0.5375272500778574,False
stability,stability_synth,16,cart_group_threshold,SAT,0.5380952380952381,0.0,0.0,1.0,0.0,0.0,0.0,True
stability,stability_synth,16,cert_tree,SAT,0.6571428571428571,0.45045045045045046,0.5252525252525253,0.8575883575883575,0.35502958579881655,0.2982456140350877,0.05678397176372885,False
stability,breast_cancer_proxy,16,cart,SAT,0.9239766081871345,0.9662921348314607,0.3170731707317073,0.32813386273397616,0.6,0.1016949152542373,0.4983050847457627,False
stability,breast_cancer_proxy,16,cart_group_threshold,NEAR-SAT,0.9181286549707602,0.9662921348314607,0.32926829268292684,0.34075439591605217,0.6,0.11864406779661017,0.4813559322033898,False
stability,breast_cancer_proxy,16,cert_tree,SAT,0.7309941520467836,0.7191011235955056,0.5,0.6953125,0.8,0.3050847457627119,0.49491525423728816,False
stability,stability_synth,17,cart,SAT,0.7619047619047619,0.07035175879396985,0.6380090497737556,0.110267650308279,0.013605442176870748,0.3625,0.3488945578231292,False
stability,stability_synth,17,cart_group_threshold,SAT,0.5404761904761904,0.0,0.0,1.0,0.0,0.0,0.0,True
stability,stability_synth,17,cert_tree,SAT,0.6833333333333333,0.40703517587939697,0.5294117647058824,0.7688442211055276,0.3469387755102041,0.225,0.12193877551020407,False
stability,breast_cancer_proxy,17,cart,SAT,0.9532163742690059,0.9647058823529412,0.26744186046511625,0.2772263187748156,0.25,0.03333333333333333,0.21666666666666667,False
stability,breast_cancer_proxy,17,cart_group_threshold,NEAR-SAT,0.9181286549707602,0.9411764705882353,0.3372093023255814,0.3582848837209302,0.25,0.11666666666666667,0.13333333333333333,False
stability,breast_cancer_proxy,17,cert_tree,SAT,0.695906432748538,1.0,0.8604651162790697,0.8604651162790697,1.0,0.8,0.19999999999999996,False
stability,stability_synth,18,cart,SAT,0.8071428571428572,0.2824074074074074,0.8627450980392157,0.32733585858585856,0.1411042944785276,0.6119402985074627,0.4708360040289351,False
stability,stability_synth,18,cart_group_threshold,SAT,0.5476190476190477,0.0,0.0,1.0,0.0,0.0,0.0,True
stability,stability_synth,18,cert_tree,SAT,0.6738095238095239,0.47685185185185186,0.6274509803921569,0.759982638888889,0.38650306748466257,0.3880597014925373,0.0015566340078747576,False
stability,breast_cancer_proxy,18,cart,SAT,0.9181286549707602,0.9425287356321839,0.36904761904761907,0.39155052264808365,0.3333333333333333,0.13793103448275862,0.1954022988505747,False
stability,breast_cancer_proxy,18,cart_group_threshold,NEAR-SAT,0.9005847953216374,0.9425287356321839,0.42857142857142855,0.4547038327526132,0.3333333333333333,0.20689655172413793,0.1264367816091954,False
stability,breast_cancer_proxy,18,cert_tree,SAT,0.7543859649122807,0.7011494252873564,0.5,0.7131147540983607,0.5,0.27586206896551724,0.22413793103448276,False
stability,stability_synth,19,cart,SAT,0.7928571428571428,0.1282051282051282,0.6933333333333334,0.18491124260355027,0.03496503496503497,0.38823529411764707,0.3532702591526121,False
stability,stability_synth,19,cart_group_threshold,SAT,0.5428571428571428,0.0,0.0,1.0,0.0,0.0,0.0,True
stability,stability_synth,19,cert_tree,UNSAT,,,,,,,,False
stability,breast_cancer_proxy,19,cart,SAT,0.9298245614035088,0.9021739130434783,0.25316455696202533,0.28061613542778713,0.0,0.06896551724137931,0.06896551724137931,False
stability,breast_cancer_proxy,19,cart_group_threshold,NEAR-SAT,0.9181286549707602,0.9021739130434783,0.35443037974683544,0.3928625895989019,0.0,0.15517241379310345,0.15517241379310345,False
stability,breast_cancer_proxy,19,cert_tree,SAT,0.7368421052631579,0.6521739130434783,0.45569620253164556,0.6987341772151898,0.3333333333333333,0.25862068965517243,0.07471264367816088,False
stability,stability_synth,20,cart,SAT,0.7904761904761904,0.16751269035532995,0.852017937219731,0.19660699973283463,0.05442176870748299,0.6375,0.583078231292517,False
stability,stability_synth,20,cart_group_threshold,SAT,0.5404761904761904,0.0,0.0,1.0,0.0,0.0,0.0,True
stability,stability_synth,20,cert_tree,SAT,0.6238095238095238,0.4720812182741117,0.45739910313901344,0.9688991754665123,0.38095238095238093,0.3,0.08095238095238094,False
stability,breast_cancer_proxy,20,cart,SAT,0.8654970760233918,0.9418604651162791,0.2,0.2123456790123457,0.625,0.03571428571428571,0.5892857142857143,False
stability,breast_cancer_proxy,20,cart_group_threshold,NEAR-SAT,0.8771929824561403,0.9418604651162791,0.3176470588235294,0.3372549019607843,0.625,0.10714285714285714,0.5178571428571429,False
stability,breast_cancer_proxy,20,cert_tree,SAT,0.7543859649122807,0.9767441860465116,0.7411764705882353,0.7588235294117648,0.875,0.6071428571428571,0.2678571428571429,False
stability,stability_synth,21,cart,SAT,0.7690476190476191,0.1875,0.8859649122807017,0.21163366336633663,0.08275862068965517,0.7142857142857143,0.6315270935960591,False
stability,stability_synth,21,cart_group_threshold,SAT,0.5452380952380952,0.0,0.0,1.0,0.0,0.0,0.0,True
stability,stability_synth,21,cert_tree,SAT,0.6761904761904762,0.421875,0.47368421052631576,0.890625,0.32413793103448274,0.23809523809523808,0.08604269293924466,False
stability,breast_cancer_proxy,21,cart,SAT,0.9239766081871345,0.925531914893617,0.37662337662337664,0.40692640692640697,0.14285714285714285,0.17543859649122806,0.03258145363408521,False
stability,breast_cancer_proxy,21,cart_group_threshold,NEAR-SAT,0.9122807017543859,0.925531914893617,0.4025974025974026,0.4349902970592626,0.14285714285714285,0.21052631578947367,0.06766917293233082,False
stability,breast_cancer_proxy,21,cert_tree,SAT,0.7309941520467836,0.9574468085106383,0.7922077922077922,0.8274170274170274,0.42857142857142855,0.7368421052631579,0.3082706766917293,False
stability,stability_synth,22,cart,SAT,0.7595238095238095,0.0319634703196347,0.5522388059701493,0.057879797605825,0.006211180124223602,0.2,0.1937888198757764,False
stability,stability_synth,22,cart_group_threshold,SAT,0.55,0.0,0.0,1.0,0.0,0.0,0.0,True
stability,stability_synth,22,cert_tree,SAT,0.6404761904761904,0.593607305936073,0.6467661691542289,0.9178082191780821,0.515527950310559,0.4,0.11552795031055896,False
stability,breast_cancer_proxy,22,cart,SAT,0.8771929824561403,0.8875,0.3626373626373626,0.40860547902801425,0.3333333333333333,0.1206896551724138,0.2126436781609195,False
stability,breast_cancer_proxy,22,cart_group_threshold,NEAR-SAT,0.8713450292397661,0.8875,0.43956043956043955,0.49527936851880516,0.3333333333333333,0.1896551724137931,0.14367816091954022,False
stability,breast_cancer_proxy,22,cert_tree,SAT,0.6900584795321637,0.925,0.8571428571428571,0.9266409266409266,0.5,0.7931034482758621,0.2931034482758621,False
stability,stability_synth,23,cart,SAT,0.8071428571428572,0.09268292682926829,0.7441860465116279,0.12454268292682927,0.03896103896103896,0.3783783783783784,0.3394173394173394,False
stability,stability_synth,23,cart_group_threshold,SAT,0.5428571428571428,0.0,0.0,1.0,0.0,0.0,0.0,True
stability,stability_synth,23,cert_tree,SAT,0.6333333333333333,0.4878048780487805,0.5674418604651162,0.859656137544982,0.38311688311688313,0.44594594594594594,0.06282906282906281,False
stability,breast_cancer_proxy,23,cart,SAT,0.9064327485380117,0.8913043478260869,0.21518987341772153,0.24143254090768757,0.3333333333333333,0.034482758620689655,0.29885057471264365,False
stability,breast_cancer_proxy,23,cart_group_threshold,NEAR-SAT,0.8947368421052632,0.8586956521739131,0.25316455696202533,0.29482454734818136,0.3333333333333333,0.05172413793103448,0.28160919540229884,False
stability,breast_cancer_proxy,23,cert_tree,SAT,0.7953216374269005,0.782608695652174,0.379746835443038,0.48523206751054854,0.6666666666666666,0.1896551724137931,0.47701149425287354,False
